{"$schema":"http://json-schema.org/draft-07/schema#","$id":"http://pulp-platform.org/snitch/axi_tlb.schema.json","title":"AXI TLB Schema","description":"AXI TLB Properties","type":"object","properties":{"max_trans":{"type":"integer","description":"Maximum outstanding transactions the TLB can handle.","default":32},"l1_num_entries":{"type":"integer","description":"Number of TLB translation entries.","default":8},"l1_cut_ax":{"type":"boolean","description":"Insert spill register on TLB request channels, cutting timing paths.","default":true}}}
