{"$schema":"http://json-schema.org/draft-07/schema#","$id":"http://pulp-platform.org/snitch/axi_xbar.schema.json","title":"AXI Crossbar Schema","description":"AXI Crossbar Properties","type":"object","properties":{"max_slv_trans":{"type":"integer","description":"Maximum outstanding transaction on the slave port.","default":4},"max_mst_trans":{"type":"integer","description":"Maximum outstanding transaction on the master port.","default":4},"fall_through":{"type":"boolean","description":"Configure crossbar to be fall-through (zero latency).","default":false}}}
